VendorID,tpep_pickup_datetime,tpep_dropoff_datetime,passenger_count,trip_distance,RatecodeID,store_and_fwd_flag,PULocationID,DOLocationID,payment_type,fare_amount,extra,mta_tax,tip_amount,tolls_amount,improvement_surcharge,total_amount,congestion_surcharge,airport_fee
1,2022-02-01 00:06:58,2022-02-01 00:19:24,1.0,5.4,1.0,N,138,252,1,17.0,1.75,0.5,3.9,0.0,0.3,23.45,0.0,1.25
1,2022-02-01 00:38:22,2022-02-01 00:55:55,1.0,6.4,1.0,N,138,41,2,21.0,1.75,0.5,0.0,6.55,0.3,30.1,0.0,1.25
1,2022-02-01 00:03:20,2022-02-01 00:26:59,1.0,12.5,1.0,N,138,200,2,35.5,1.75,0.5,0.0,6.55,0.3,44.6,0.0,1.25
2,2022-02-01 00:08:00,2022-02-01 00:28:05,1.0,9.88,1.0,N,239,200,2,28.0,0.5,0.5,0.0,3.0,0.3,34.8,2.5,0.0
2,2022-02-01 00:06:48,2022-02-01 00:33:07,1.0,12.16,1.0,N,138,125,1,35.5,0.5,0.5,8.11,0.0,0.3,48.66,2.5,1.25
1,2022-02-01 00:57:23,2022-02-01 01:07:31,2.0,2.3,1.0,N,140,142,1,10.0,3.0,0.5,2.75,0.0,0.3,16.55,2.5,0.0
1,2022-02-01 00:34:17,2022-02-01 01:01:32,1.0,7.5,1.0,N,140,36,1,25.0,3.0,0.5,5.0,0.0,0.3,33.8,2.5,0.0
2,2022-02-01 00:03:26,2022-02-01 00:07:30,1.0,0.88,1.0,N,48,68,1,5.0,0.5,0.5,1.76,0.0,0.3,10.56,2.5,0.0
2,2022-02-01 00:13:31,2022-02-01 00:31:41,1.0,6.48,1.0,N,142,244,1,21.0,0.5,0.5,4.96,0.0,0.3,29.76,2.5,0.0
2,2022-02-01 00:52:11,2022-02-01 01:02:48,1.0,3.29,1.0,N,238,116,1,12.0,0.5,0.5,2.66,0.0,0.3,15.96,0.0,0.0
2,2022-02-01 00:05:48,2022-02-01 00:28:22,2.0,9.71,1.0,N,132,36,1,27.5,0.5,0.5,7.2,0.0,0.3,37.25,0.0,1.25
1,2022-02-01 00:57:53,2022-02-01 01:01:15,0.0,0.7,1.0,Y,143,163,1,4.5,3.5,0.5,1.2,0.0,0.3,10.0,2.5,0.0
2,2022-02-01 00:10:11,2022-02-01 00:31:16,1.0,16.0,1.0,N,132,80,1,42.5,0.5,0.5,8.76,0.0,0.3,53.81,0.0,1.25
2,2022-02-01 00:35:38,2022-02-01 01:04:36,1.0,6.53,1.0,N,234,225,1,24.5,0.5,0.5,5.66,0.0,0.3,33.96,2.5,0.0
2,2022-02-01 00:23:16,2022-02-01 00:40:53,1.0,11.77,1.0,N,138,132,1,32.0,0.5,0.5,6.66,0.0,0.3,41.21,0.0,1.25
2,2022-02-01 00:06:34,2022-02-01 00:12:21,1.0,1.42,1.0,N,233,164,1,6.5,0.5,0.5,2.06,0.0,0.3,12.36,2.5,0.0
2,2022-02-01 00:14:54,2022-02-01 00:30:20,1.0,4.14,1.0,N,186,262,1,14.5,0.5,0.5,5.49,0.0,0.3,23.79,2.5,0.0
2,2022-02-01 00:26:17,2022-02-01 00:42:34,1.0,7.66,1.0,N,138,170,1,23.0,0.5,0.5,6.67,6.55,0.3,41.27,2.5,1.25
2,2022-02-01 00:55:21,2022-02-01 01:03:50,5.0,1.74,1.0,N,79,164,2,8.0,0.5,0.5,0.0,0.0,0.3,11.8,2.5,0.0
2,2022-02-01 00:13:51,2022-02-01 00:53:50,1.0,11.28,1.0,N,132,225,2,37.0,0.5,0.5,0.0,0.0,0.3,39.55,0.0,1.25
1,2022-02-01 00:40:57,2022-02-01 00:47:01,1.0,2.6,1.0,N,233,263,1,9.0,3.0,0.5,2.55,0.0,0.3,15.35,2.5,0.0
1,2022-02-01 00:29:35,2022-02-01 00:53:43,1.0,17.0,2.0,N,132,164,1,52.0,3.75,0.5,12.6,6.55,0.3,75.7,2.5,1.25
1,2022-02-01 00:35:44,2022-02-01 01:04:35,2.0,16.2,2.0,N,132,162,1,52.0,2.5,0.5,12.35,6.55,0.3,74.2,2.5,0.0
2,2022-02-01 00:18:25,2022-02-01 00:42:38,1.0,15.25,1.0,N,132,252,1,41.5,0.5,0.5,13.22,0.0,0.3,57.27,0.0,1.25
2,2022-02-01 00:08:12,2022-02-01 00:35:58,1.0,7.36,1.0,N,249,256,1,25.5,0.5,0.5,5.86,0.0,0.3,35.16,2.5,0.0
2,2022-02-01 00:50:53,2022-02-01 01:06:55,1.0,3.23,1.0,N,107,48,1,13.0,0.5,0.5,4.2,0.0,0.3,21.0,2.5,0.0
2,2022-02-01 00:02:56,2022-02-01 00:12:52,1.0,1.45,1.0,N,164,264,2,8.5,0.5,0.5,0.0,0.0,0.3,12.3,2.5,0.0
2,2022-02-01 00:33:58,2022-02-01 00:40:56,1.0,2.06,1.0,N,142,151,1,8.0,0.5,0.5,2.0,0.0,0.3,13.8,2.5,0.0
2,2022-02-01 00:47:11,2022-02-01 00:55:43,1.0,1.86,1.0,N,151,116,1,8.0,0.5,0.5,0.7,0.0,0.3,10.0,0.0,0.0
2,2022-02-01 00:02:06,2022-02-01 00:10:46,1.0,2.09,1.0,N,249,224,1,8.5,0.5,0.5,2.46,0.0,0.3,14.76,2.5,0.0
2,2022-02-01 00:40:13,2022-02-01 00:45:48,2.0,1.24,1.0,N,249,144,1,6.0,0.5,0.5,2.0,0.0,0.3,11.8,2.5,0.0
2,2022-02-01 00:19:46,2022-02-01 00:57:18,1.0,20.26,2.0,N,132,238,1,52.0,0.0,0.5,10.0,6.55,0.3,70.6,0.0,1.25
2,2022-02-01 00:32:28,2022-02-01 01:02:22,1.0,10.45,1.0,N,132,198,1,32.0,0.5,0.5,6.91,0.0,0.3,41.46,0.0,1.25
2,2022-02-01 00:04:49,2022-02-01 00:23:46,1.0,11.37,1.0,N,263,171,1,31.5,0.5,0.5,8.37,6.55,0.3,50.22,2.5,0.0
1,2022-02-01 00:29:51,2022-02-01 01:01:55,1.0,17.9,2.0,N,132,48,1,52.0,3.75,0.5,11.3,0.0,0.3,67.85,2.5,1.25
2,2022-02-01 00:35:34,2022-02-01 00:43:48,1.0,1.45,1.0,N,249,148,1,7.5,0.5,0.5,2.26,0.0,0.3,13.56,2.5,0.0
1,2022-02-01 00:12:17,2022-02-01 00:41:33,0.0,19.2,2.0,N,132,262,1,52.0,3.75,0.5,15.75,6.55,0.3,78.85,2.5,1.25
1,2022-02-01 00:02:42,2022-02-01 00:30:16,1.0,19.4,2.0,N,132,75,1,52.0,1.25,0.5,15.1,6.55,0.3,75.7,0.0,1.25
2,2022-02-01 00:24:27,2022-02-01 00:28:40,3.0,1.73,1.0,N,229,236,1,6.5,0.5,0.5,2.0,0.0,0.3,12.3,2.5,0.0
2,2022-02-01 00:34:02,2022-02-01 00:37:07,3.0,0.68,1.0,N,263,141,1,4.5,0.5,0.5,1.66,0.0,0.3,9.96,2.5,0.0
2,2022-02-01 00:05:44,2022-02-01 00:09:09,3.0,1.34,1.0,N,68,100,1,5.5,0.5,0.5,1.0,0.0,0.3,10.3,2.5,0.0
2,2022-02-01 00:21:52,2022-02-01 00:26:03,2.0,0.68,1.0,N,68,48,1,5.0,0.5,0.5,4.0,0.0,0.3,12.8,2.5,0.0
2,2022-02-01 00:19:47,2022-02-01 00:31:18,1.0,3.58,1.0,N,230,166,1,12.5,0.5,0.5,3.26,0.0,0.3,19.56,2.5,0.0
1,2022-02-01 00:26:21,2022-02-01 00:44:03,1.0,3.4,1.0,N,237,79,1,14.0,3.0,0.5,2.0,0.0,0.3,19.8,2.5,0.0
2,2022-02-01 00:33:25,2022-02-01 00:39:13,1.0,1.71,1.0,N,229,263,1,7.0,0.5,0.5,2.16,0.0,0.3,12.96,2.5,0.0
2,2022-02-01 00:05:33,2022-02-01 00:25:57,1.0,10.16,1.0,N,138,17,1,29.5,0.5,0.5,6.41,0.0,0.3,38.46,0.0,1.25
2,2022-02-01 00:28:29,2022-02-01 00:47:18,2.0,10.75,1.0,N,132,92,2,31.0,0.5,0.5,0.0,0.0,0.3,33.55,0.0,1.25
2,2022-02-01 00:14:06,2022-02-01 00:31:56,1.0,10.33,1.0,N,138,66,1,29.0,0.5,0.5,6.06,0.0,0.3,37.61,0.0,1.25
2,2022-02-01 00:38:00,2022-02-01 00:48:59,1.0,2.97,1.0,N,100,140,1,11.0,0.5,0.5,2.96,0.0,0.3,17.76,2.5,0.0
2,2022-02-01 00:19:44,2022-02-01 00:26:22,1.0,1.49,1.0,N,170,161,1,6.5,0.5,0.5,2.06,0.0,0.3,12.36,2.5,0.0
2,2022-02-01 00:35:54,2022-02-01 00:48:59,1.0,2.34,1.0,N,164,142,1,11.0,0.5,0.5,2.96,0.0,0.3,17.76,2.5,0.0
2,2022-02-01 00:29:47,2022-02-01 01:05:11,1.0,11.7,1.0,N,132,61,2,35.5,0.5,0.5,0.0,0.0,0.3,38.05,0.0,1.25
2,2022-02-01 00:09:08,2022-02-01 00:12:23,1.0,0.83,1.0,N,237,239,1,5.0,0.5,0.5,1.76,0.0,0.3,10.56,2.5,0.0
2,2022-02-01 00:25:57,2022-02-01 00:30:48,1.0,0.72,1.0,N,237,237,1,5.5,0.5,0.5,2.0,0.0,0.3,11.3,2.5,0.0
2,2022-02-01 00:14:33,2022-02-01 00:15:29,1.0,0.0,1.0,N,77,76,1,2.5,0.5,0.5,0.0,0.0,0.3,5.05,0.0,1.25
2,2022-02-01 00:18:35,2022-02-01 00:27:52,1.0,2.24,1.0,N,143,237,1,9.5,0.5,0.5,2.66,0.0,0.3,15.96,2.5,0.0
1,2022-02-01 00:02:15,2022-02-01 00:11:57,2.0,2.5,1.0,N,144,186,1,10.0,3.0,0.5,2.75,0.0,0.3,16.55,2.5,0.0
1,2022-02-01 00:17:20,2022-02-01 00:20:42,1.0,0.9,1.0,N,186,68,2,5.0,3.0,0.5,0.0,0.0,0.3,8.8,2.5,0.0
1,2022-02-01 00:22:51,2022-02-01 00:47:23,2.0,7.3,1.0,N,68,42,2,23.5,3.0,0.5,0.0,0.0,0.3,27.3,2.5,0.0
2,2022-02-01 00:00:14,2022-02-01 00:08:32,1.0,2.81,1.0,N,170,75,1,10.0,0.5,0.5,2.76,0.0,0.3,16.56,2.5,0.0
2,2022-02-01 00:27:57,2022-02-01 01:02:28,3.0,21.72,1.0,N,132,119,2,58.5,0.5,0.5,0.0,6.55,0.3,66.35,0.0,1.25
2,2022-02-01 00:41:25,2022-02-01 00:59:56,2.0,13.86,1.0,N,132,155,2,37.5,0.5,0.5,0.0,0.0,0.3,40.05,0.0,1.25
2,2022-02-01 00:02:07,2022-02-01 00:32:46,1.0,8.4,1.0,N,162,17,2,28.0,0.5,0.5,0.0,0.0,0.3,31.8,2.5,0.0
1,2022-02-01 00:05:46,2022-02-01 00:12:49,1.0,0.8,1.0,N,148,79,1,6.5,2.5,0.5,1.95,0.0,0.3,11.75,2.5,0.0
2,2022-02-01 00:15:03,2022-02-01 00:23:56,1.0,1.06,1.0,N,234,137,1,7.0,0.5,0.5,2.16,0.0,0.3,12.96,2.5,0.0
2,2022-02-01 00:24:57,2022-02-01 00:27:06,1.0,0.5,1.0,N,137,107,1,3.5,0.5,0.5,1.46,0.0,0.3,8.76,2.5,0.0
2,2022-02-01 00:44:17,2022-02-01 00:51:34,1.0,1.94,1.0,N,142,237,1,8.0,0.5,0.5,1.5,0.0,0.3,13.3,2.5,0.0
1,2022-02-01 00:22:03,2022-02-01 00:47:12,2.0,15.5,1.0,N,132,55,1,42.5,1.75,0.5,3.0,0.0,0.3,48.05,0.0,1.25
2,2022-02-01 00:36:13,2022-02-01 00:45:36,1.0,3.22,1.0,N,263,164,1,11.0,0.5,0.5,2.96,0.0,0.3,17.76,2.5,0.0
2,2022-02-01 00:28:17,2022-02-01 00:38:29,1.0,3.49,1.0,N,107,87,1,12.5,0.5,0.5,3.26,0.0,0.3,19.56,2.5,0.0
1,2022-02-01 00:15:42,2022-02-01 00:34:53,1.0,11.5,4.0,N,132,265,1,40.5,1.75,0.5,1.0,0.0,0.3,44.05,0.0,1.25
2,2022-02-01 00:23:45,2022-02-01 00:49:18,1.0,9.93,1.0,N,132,36,1,29.5,0.5,0.5,8.01,0.0,0.3,40.06,0.0,1.25
2,2022-02-01 00:18:43,2022-02-01 00:37:55,1.0,7.41,1.0,N,132,76,1,23.5,0.5,0.5,5.21,0.0,0.3,31.26,0.0,1.25
1,2022-02-01 00:10:55,2022-02-01 00:27:52,1.0,4.3,1.0,N,141,260,2,16.0,3.0,0.5,0.0,0.0,0.3,19.8,2.5,0.0
1,2022-02-01 00:51:13,2022-02-01 01:01:07,1.0,1.9,1.0,N,138,129,2,9.0,1.75,0.5,0.0,0.0,0.3,11.55,0.0,1.25
2,2022-02-01 00:13:00,2022-02-01 00:19:07,1.0,1.24,1.0,N,140,263,1,6.5,0.5,0.5,2.58,0.0,0.3,12.88,2.5,0.0
2,2022-02-01 00:23:33,2022-02-01 00:39:40,2.0,3.92,1.0,N,48,79,2,14.0,0.5,0.5,0.0,0.0,0.3,17.8,2.5,0.0
2,2022-02-01 00:41:11,2022-02-01 00:50:47,1.0,3.04,1.0,N,224,237,1,10.5,0.5,0.5,4.29,0.0,0.3,18.59,2.5,0.0
2,2022-02-01 00:56:52,2022-02-01 01:02:16,2.0,1.19,1.0,N,140,262,1,6.0,0.5,0.5,0.98,0.0,0.3,10.78,2.5,0.0
2,2022-02-01 00:35:35,2022-02-01 00:54:10,1.0,3.14,1.0,N,151,48,1,14.0,0.5,0.5,0.0,0.0,0.3,17.8,2.5,0.0
2,2022-02-01 00:09:25,2022-02-01 00:17:44,1.0,2.59,1.0,N,263,100,1,9.5,0.5,0.5,3.33,0.0,0.3,16.63,2.5,0.0
2,2022-02-01 00:23:24,2022-02-01 00:29:41,1.0,1.01,1.0,N,161,50,1,6.0,0.5,0.5,1.96,0.0,0.3,11.76,2.5,0.0
2,2022-02-01 00:47:07,2022-02-01 00:58:23,1.0,2.07,1.0,N,90,148,2,10.0,0.5,0.5,0.0,0.0,0.3,13.8,2.5,0.0
1,2022-02-01 00:00:28,2022-02-01 00:15:10,1.0,4.0,1.0,N,162,7,2,14.0,3.0,0.5,0.0,0.0,0.3,17.8,2.5,0.0
1,2022-02-01 00:32:38,2022-02-01 00:42:45,2.0,4.6,1.0,N,138,53,1,14.5,1.75,0.5,2.5,0.0,0.3,19.55,0.0,1.25
2,2022-02-01 00:09:37,2022-02-01 00:18:52,1.0,2.66,1.0,N,144,164,2,10.0,0.5,0.5,0.0,0.0,0.3,13.8,2.5,0.0
2,2022-02-01 00:38:51,2022-02-01 00:42:35,1.0,1.2,1.0,N,263,141,2,5.5,0.5,0.5,0.0,0.0,0.3,9.3,2.5,0.0
2,2022-02-01 00:05:49,2022-02-01 00:25:48,2.0,5.27,1.0,N,230,7,4,-17.5,-0.5,-0.5,0.0,0.0,-0.3,-21.3,-2.5,0.0
2,2022-02-01 00:05:49,2022-02-01 00:25:48,2.0,5.27,1.0,N,230,7,2,17.5,0.5,0.5,0.0,0.0,0.3,21.3,2.5,0.0
1,2022-02-01 00:46:33,2022-02-01 00:51:11,1.0,1.2,1.0,N,7,146,3,5.5,0.5,0.5,0.0,0.0,0.3,6.8,0.0,0.0
1,2022-02-01 00:20:40,2022-02-01 00:28:01,1.0,2.0,1.0,N,163,90,1,8.0,3.0,0.5,2.35,0.0,0.3,14.15,2.5,0.0
1,2022-02-01 00:15:34,2022-02-01 00:21:19,1.0,1.2,1.0,N,142,238,1,6.5,3.0,0.5,2.05,0.0,0.3,12.35,2.5,0.0
1,2022-02-01 00:22:40,2022-02-01 00:29:48,3.0,1.8,1.0,N,43,237,1,8.0,3.0,0.5,2.35,0.0,0.3,14.15,2.5,0.0
1,2022-02-01 00:36:35,2022-02-01 00:41:17,3.0,1.0,1.0,Y,162,141,2,6.0,3.0,0.5,0.0,0.0,0.3,9.8,2.5,0.0
2,2022-02-01 00:06:29,2022-02-01 00:25:03,1.0,6.76,1.0,N,162,255,1,22.0,0.5,0.5,3.0,0.0,0.3,28.8,2.5,0.0
2,2022-02-01 00:23:39,2022-02-01 00:28:22,1.0,0.86,1.0,N,148,79,2,5.5,0.5,0.5,0.0,0.0,0.3,9.3,2.5,0.0
2,2022-02-01 00:33:26,2022-02-01 00:44:05,2.0,3.23,1.0,N,79,48,1,11.5,0.5,0.5,4.59,0.0,0.3,19.89,2.5,0.0
2,2022-02-01 00:28:45,2022-02-01 00:36:49,1.0,1.16,1.0,N,164,68,2,7.0,0.5,0.5,0.0,0.0,0.3,10.8,2.5,0.0
2,2022-02-01 00:54:46,2022-02-01 01:08:53,3.0,2.87,1.0,N,144,170,1,12.0,0.5,0.5,3.16,0.0,0.3,18.96,2.5,0.0
2,2022-02-01 00:03:02,2022-02-01 00:07:44,1.0,0.9,1.0,N,137,186,2,5.5,0.5,0.5,0.0,0.0,0.3,9.3,2.5,0.0
2,2022-02-01 00:18:05,2022-02-01 00:20:05,1.0,0.38,1.0,N,230,43,1,3.5,0.5,0.5,3.0,0.0,0.3,10.3,2.5,0.0
2,2022-02-01 00:39:14,2022-02-01 00:59:58,1.0,14.73,1.0,N,132,16,2,39.5,0.5,0.5,0.0,0.0,0.3,42.05,0.0,1.25
2,2022-02-01 00:21:47,2022-02-01 00:36:58,1.0,9.29,1.0,N,138,229,1,25.5,0.5,0.5,3.71,6.55,0.3,40.81,2.5,1.25
1,2022-02-01 00:01:12,2022-02-01 00:06:34,1.0,1.0,1.0,N,263,263,1,6.0,3.0,0.5,1.95,0.0,0.3,11.75,2.5,0.0
1,2022-02-01 00:26:46,2022-02-01 00:43:50,1.0,5.1,1.0,N,144,62,1,17.0,3.0,0.5,6.2,0.0,0.3,27.0,2.5,0.0
2,2022-02-01 00:09:20,2022-02-01 00:22:48,1.0,3.22,1.0,N,68,238,1,12.5,0.5,0.5,2.44,0.0,0.3,18.74,2.5,0.0
2,2022-02-01 00:30:59,2022-02-01 00:38:44,5.0,2.7,1.0,N,137,140,1,9.5,0.5,0.5,1.5,0.0,0.3,14.8,2.5,0.0
2,2022-02-01 00:40:04,2022-02-01 01:08:26,3.0,17.64,2.0,N,132,230,1,52.0,0.0,0.5,12.62,6.55,0.3,75.72,2.5,1.25
2,2022-02-01 00:30:20,2022-02-01 01:02:27,1.0,11.68,1.0,N,132,49,2,35.0,0.5,0.5,0.0,0.0,0.3,37.55,0.0,1.25
2,2022-01-31 23:49:19,2022-02-01 00:01:32,1.0,2.47,1.0,N,143,236,1,11.0,0.5,0.5,2.96,0.0,0.3,17.76,2.5,0.0
2,2022-02-01 00:46:06,2022-02-01 00:47:49,1.0,0.6,1.0,N,211,113,1,4.0,0.5,0.5,1.56,0.0,0.3,9.36,2.5,0.0
2,2022-02-01 00:07:29,2022-02-01 00:15:42,2.0,1.58,1.0,N,48,170,1,8.0,0.5,0.5,2.95,0.0,0.3,14.75,2.5,0.0
2,2022-02-01 00:27:57,2022-02-01 00:33:23,2.0,1.3,1.0,N,114,107,2,6.5,0.5,0.5,0.0,0.0,0.3,10.3,2.5,0.0
2,2022-02-01 00:44:01,2022-02-01 01:10:58,2.0,12.18,1.0,N,211,116,1,36.0,0.5,0.5,5.0,0.0,0.3,44.8,2.5,0.0
1,2022-02-01 00:30:39,2022-02-01 00:39:53,1.0,2.4,1.0,N,211,137,1,9.5,3.0,0.5,2.65,0.0,0.3,15.95,2.5,0.0
1,2022-02-01 00:50:34,2022-02-01 01:04:41,1.0,4.5,1.0,N,148,61,2,15.5,3.0,0.5,0.0,0.0,0.3,19.3,2.5,0.0
2,2022-02-01 00:01:19,2022-02-01 00:23:26,1.0,7.35,1.0,N,186,166,1,23.5,0.5,0.5,1.0,0.0,0.3,28.3,2.5,0.0
2,2022-02-01 00:42:17,2022-02-01 00:51:03,1.0,2.25,1.0,N,141,145,1,9.5,0.5,0.5,2.66,0.0,0.3,15.96,2.5,0.0
1,2022-02-01 00:52:15,2022-02-01 01:05:06,2.0,3.6,1.0,N,144,163,1,13.0,3.0,0.5,4.2,0.0,0.3,21.0,2.5,0.0
2,2022-02-01 00:05:57,2022-02-01 00:32:53,1.0,5.84,1.0,N,114,41,1,22.5,0.5,0.5,5.26,0.0,0.3,31.56,2.5,0.0
2,2022-02-01 00:54:34,2022-02-01 00:57:52,1.0,0.67,1.0,N,164,186,2,4.5,0.5,0.5,0.0,0.0,0.3,8.3,2.5,0.0
1,2022-02-01 00:03:28,2022-02-01 00:35:05,1.0,0.0,1.0,N,74,225,1,31.2,0.0,0.5,0.0,6.55,0.3,38.55,0.0,0.0
1,2022-02-01 00:00:57,2022-02-01 00:25:43,1.0,8.1,1.0,N,138,217,2,26.5,0.0,0.5,0.0,0.0,0.3,27.3,0.0,0.0
2,2022-02-01 00:01:08,2022-02-01 00:05:24,1.0,0.87,1.0,N,113,211,1,5.0,0.5,0.5,1.25,0.0,0.3,10.05,2.5,0.0
2,2022-02-01 00:36:01,2022-02-01 01:04:34,1.0,17.82,1.0,N,132,213,2,49.0,0.5,0.5,0.0,6.55,0.3,58.1,0.0,1.25
1,2022-02-01 00:09:28,2022-02-01 00:37:40,1.0,17.8,2.0,N,132,113,1,52.0,3.75,0.5,6.0,6.55,0.3,69.1,2.5,1.25
2,2022-02-01 00:40:36,2022-02-01 00:56:55,2.0,2.82,1.0,N,90,230,1,12.5,0.5,0.5,3.26,0.0,0.3,19.56,2.5,0.0
2,2022-02-01 00:15:53,2022-02-01 00:27:16,1.0,1.96,1.0,N,239,262,1,9.5,0.5,0.5,2.0,0.0,0.3,15.3,2.5,0.0
2,2022-02-01 00:47:49,2022-02-01 00:59:06,1.0,3.66,1.0,N,230,263,1,12.0,0.5,0.5,3.16,0.0,0.3,18.96,2.5,0.0
2,2022-02-01 00:10:02,2022-02-01 00:23:32,1.0,4.23,1.0,N,132,216,2,15.0,0.5,0.5,0.0,0.0,0.3,17.55,0.0,1.25
2,2022-02-01 00:48:51,2022-02-01 00:55:28,1.0,1.66,1.0,N,125,107,1,7.0,0.5,0.5,2.7,0.0,0.3,13.5,2.5,0.0
2,2022-02-01 00:59:01,2022-02-01 01:15:16,1.0,10.03,1.0,N,170,243,1,28.5,0.5,0.5,8.07,0.0,0.3,40.37,2.5,0.0
2,2022-02-01 00:11:02,2022-02-01 00:23:50,2.0,7.72,1.0,N,138,255,1,22.0,0.5,0.5,4.91,0.0,0.3,29.46,0.0,1.25
2,2022-02-01 00:34:56,2022-02-01 01:22:22,4.0,35.56,1.0,N,138,44,1,92.5,0.5,0.5,20.32,6.55,0.3,121.92,0.0,1.25
2,2022-02-01 00:26:53,2022-02-01 00:38:34,1.0,3.62,1.0,N,239,234,1,12.5,0.5,0.5,3.26,0.0,0.3,19.56,2.5,0.0
1,2022-02-01 00:23:12,2022-02-01 00:55:26,1.0,19.7,2.0,N,132,141,1,52.0,3.75,0.5,6.0,6.55,0.3,69.1,2.5,1.25
2,2022-02-01 00:06:41,2022-02-01 00:36:44,1.0,7.78,1.0,N,161,225,1,27.0,0.5,0.5,5.0,0.0,0.3,35.8,2.5,0.0
2,2022-02-01 00:06:41,2022-02-01 00:35:11,1.0,11.66,1.0,N,138,189,1,35.0,0.5,0.5,5.63,0.0,0.3,43.18,0.0,1.25
2,2022-02-01 00:01:52,2022-02-01 00:11:35,1.0,4.13,1.0,N,138,92,2,13.5,0.5,0.5,0.0,0.0,0.3,16.05,0.0,1.25
2,2022-02-01 00:23:17,2022-02-01 00:46:49,1.0,11.6,1.0,N,138,50,1,33.5,0.5,0.5,9.02,6.55,0.3,54.12,2.5,1.25
2,2022-02-01 00:37:25,2022-02-01 00:40:16,1.0,0.9,1.0,N,68,48,1,4.5,0.5,0.5,1.66,0.0,0.3,9.96,2.5,0.0
1,2022-02-01 00:20:06,2022-02-01 00:23:46,1.0,0.6,1.0,N,144,79,1,4.5,3.0,0.5,1.65,0.0,0.3,9.95,2.5,0.0
1,2022-02-01 00:32:32,2022-02-01 00:51:46,1.0,3.8,1.0,N,148,48,1,15.5,3.0,0.5,3.85,0.0,0.3,23.15,2.5,0.0
2,2022-02-01 00:18:50,2022-02-01 00:35:25,1.0,5.4,1.0,N,137,80,1,18.5,0.5,0.5,5.58,0.0,0.3,27.88,2.5,0.0
2,2022-02-01 00:50:51,2022-02-01 00:50:53,1.0,0.0,5.0,N,264,264,1,15.0,0.0,0.0,3.82,0.0,0.3,19.12,0.0,0.0
2,2022-02-01 00:47:26,2022-02-01 01:00:13,1.0,7.66,4.0,N,132,265,1,25.0,0.5,0.5,0.0,0.0,0.3,27.55,0.0,1.25
1,2022-02-01 00:16:30,2022-02-01 00:41:12,0.0,13.8,1.0,N,132,155,2,39.5,1.75,0.5,0.0,0.0,0.3,42.05,0.0,1.25
1,2022-02-01 00:23:24,2022-02-01 00:32:32,1.0,1.6,1.0,N,244,152,2,8.5,0.5,0.5,0.0,0.0,0.3,9.8,0.0,0.0
1,2022-02-01 00:46:07,2022-02-01 01:02:47,1.0,7.1,1.0,N,238,69,1,22.0,0.5,0.5,1.0,0.0,0.3,24.3,0.0,0.0
2,2022-02-01 00:27:56,2022-02-01 00:54:44,1.0,17.79,1.0,N,132,49,1,48.0,0.5,0.5,10.11,0.0,0.3,60.66,0.0,1.25
2,2022-02-01 00:35:22,2022-02-01 01:10:03,2.0,22.26,1.0,N,132,181,1,60.0,0.5,0.5,8.0,0.0,0.3,70.55,0.0,1.25
2,2022-02-01 00:23:55,2022-02-01 00:48:11,4.0,5.81,1.0,N,186,25,1,20.5,0.5,0.5,4.86,0.0,0.3,29.16,2.5,0.0
1,2022-02-01 00:02:19,2022-02-01 00:28:13,1.0,10.5,1.0,N,132,36,1,31.5,1.75,0.5,5.11,0.0,0.3,39.16,0.0,1.25
2,2022-02-01 00:56:20,2022-02-01 01:25:29,1.0,19.32,2.0,N,132,107,1,52.0,0.0,0.5,5.5,0.0,0.3,62.05,2.5,1.25
1,2022-02-01 00:07:52,2022-02-01 00:32:29,1.0,9.0,1.0,N,48,223,1,28.0,3.0,0.5,6.35,0.0,0.3,38.15,2.5,0.0
1,2022-02-01 00:53:11,2022-02-01 00:59:47,2.0,1.3,1.0,N,141,163,2,6.5,3.0,0.5,0.0,0.0,0.3,10.3,2.5,0.0
1,2022-02-01 00:02:44,2022-02-01 00:07:33,2.0,0.7,1.0,N,79,144,1,5.5,3.0,0.5,1.85,0.0,0.3,11.15,2.5,0.0
1,2022-02-01 00:14:17,2022-02-01 00:24:13,1.0,2.6,1.0,N,114,68,2,10.0,3.0,0.5,0.0,0.0,0.3,13.8,2.5,0.0
1,2022-02-01 00:42:40,2022-02-01 00:51:45,1.0,3.1,1.0,N,224,140,1,10.5,3.0,0.5,4.25,0.0,0.3,18.55,2.5,0.0
2,2022-02-01 00:18:37,2022-02-01 00:26:26,1.0,1.8,1.0,N,164,162,2,8.0,0.5,0.5,0.0,0.0,0.3,11.8,2.5,0.0
2,2022-02-01 00:42:24,2022-02-01 00:54:51,1.0,3.92,1.0,N,186,238,2,13.5,0.5,0.5,0.0,0.0,0.3,17.3,2.5,0.0
2,2022-02-01 00:24:32,2022-02-01 00:29:41,1.0,1.83,1.0,N,68,48,1,7.0,0.5,0.5,2.16,0.0,0.3,12.96,2.5,0.0
1,2022-02-01 00:56:43,2022-02-01 01:12:03,3.0,11.2,4.0,N,132,265,1,42.5,1.75,0.5,5.0,0.0,0.3,50.05,0.0,1.25
2,2022-02-01 00:15:57,2022-02-01 00:18:57,1.0,0.7,1.0,N,50,143,1,4.5,0.5,0.5,1.66,0.0,0.3,9.96,2.5,0.0
2,2022-02-01 00:37:08,2022-02-01 01:35:03,1.0,10.3,1.0,N,143,143,2,42.5,0.5,0.5,0.0,0.0,0.3,46.3,2.5,0.0
1,2022-02-01 00:36:48,2022-02-01 01:10:56,2.0,12.8,1.0,N,132,129,2,40.0,1.75,0.5,0.0,0.0,0.3,42.55,0.0,1.25
2,2022-02-01 00:12:40,2022-02-01 00:35:49,1.0,13.52,4.0,N,138,265,1,41.5,0.5,0.5,11.01,0.0,0.3,55.06,0.0,1.25
2,2022-02-01 00:32:41,2022-02-01 01:05:06,1.0,14.96,1.0,N,68,259,1,44.5,0.5,0.5,5.0,0.0,0.3,53.3,2.5,0.0
1,2022-02-01 00:00:48,2022-02-01 00:45:20,1.0,2.4,1.0,Y,79,68,4,12.5,3.0,0.5,0.0,0.0,0.3,16.3,2.5,0.0
2,2022-02-01 00:49:31,2022-02-01 01:07:24,1.0,5.73,1.0,N,48,152,2,20.0,0.5,0.5,0.0,0.0,0.3,23.8,2.5,0.0
1,2022-02-01 00:16:18,2022-02-01 00:22:14,1.0,1.5,1.0,N,231,148,1,7.0,3.0,0.5,3.2,0.0,0.3,14.0,2.5,0.0
1,2022-02-01 00:32:39,2022-02-01 00:36:33,1.0,0.6,1.0,Y,107,137,1,4.5,3.0,0.5,2.05,0.0,0.3,10.35,2.5,0.0
1,2022-02-01 00:06:47,2022-02-01 00:10:16,1.0,0.5,1.0,N,237,161,2,4.5,3.0,0.5,0.0,0.0,0.3,8.3,2.5,0.0
1,2022-02-01 00:39:03,2022-02-01 00:46:50,1.0,1.8,1.0,N,141,236,2,8.0,3.0,0.5,0.0,0.0,0.3,11.8,2.5,0.0
2,2022-02-01 00:05:41,2022-02-01 00:05:46,1.0,0.0,5.0,N,142,142,4,-63.0,0.0,0.0,0.0,0.0,-0.3,-65.8,-2.5,0.0
2,2022-02-01 00:05:41,2022-02-01 00:05:46,1.0,0.0,5.0,N,142,142,2,63.0,0.0,0.0,0.0,0.0,0.3,65.8,2.5,0.0
2,2022-01-31 23:50:06,2022-01-31 23:58:51,4.0,1.52,1.0,N,229,170,2,8.0,0.5,0.5,0.0,0.0,0.3,11.8,2.5,0.0
2,2022-02-01 00:05:08,2022-02-01 00:11:08,3.0,1.3,1.0,N,186,107,1,6.5,0.5,0.5,2.06,0.0,0.3,12.36,2.5,0.0
1,2022-02-01 00:14:06,2022-02-01 00:20:58,1.0,2.0,1.0,N,230,249,1,8.0,3.0,0.5,2.0,0.0,0.3,13.8,2.5,0.0
1,2022-02-01 00:25:48,2022-02-01 00:28:29,1.0,1.0,1.0,Y,68,100,2,5.0,3.0,0.5,0.0,0.0,0.3,8.8,2.5,0.0
1,2022-02-01 00:49:34,2022-02-01 00:55:07,1.0,1.8,1.0,N,48,249,1,7.5,3.0,0.5,2.25,0.0,0.3,13.55,2.5,0.0
2,2022-02-01 00:06:42,2022-02-01 00:10:22,1.0,0.84,1.0,N,68,249,2,5.0,0.5,0.5,0.0,0.0,0.3,8.8,2.5,0.0
1,2022-02-01 00:03:40,2022-02-01 00:08:10,1.0,0.9,1.0,N,79,144,1,5.5,3.0,0.5,1.85,0.0,0.3,11.15,2.5,0.0
1,2022-02-01 00:13:33,2022-02-01 00:41:57,1.0,8.5,1.0,N,87,41,1,28.0,3.0,0.5,2.0,0.0,0.3,33.8,2.5,0.0
1,2022-02-01 00:59:16,2022-02-01 01:02:21,1.0,0.3,1.0,N,186,100,2,4.0,3.0,0.5,0.0,0.0,0.3,7.8,2.5,0.0
1,2022-02-01 00:10:34,2022-02-01 00:18:47,1.0,1.9,1.0,N,237,239,1,8.5,3.0,0.5,1.0,0.0,0.3,13.3,2.5,0.0
2,2022-02-01 00:03:00,2022-02-01 00:14:06,2.0,1.9,1.0,N,161,164,1,9.5,0.5,0.5,2.66,0.0,0.3,15.96,2.5,0.0
2,2022-02-01 00:56:23,2022-02-01 01:00:35,2.0,1.18,1.0,N,114,186,1,5.5,0.5,0.5,1.86,0.0,0.3,11.16,2.5,0.0
2,2022-02-01 00:36:42,2022-02-01 00:56:10,1.0,14.31,1.0,N,48,58,2,39.0,0.5,0.5,0.0,0.0,0.3,42.8,2.5,0.0
2,2022-02-01 00:08:38,2022-02-01 00:28:59,1.0,16.5,1.0,N,132,256,1,44.0,0.5,0.5,9.06,0.0,0.3,55.61,0.0,1.25
2,2022-01-31 23:48:06,2022-01-31 23:59:09,1.0,2.67,1.0,N,100,239,1,11.0,0.5,0.5,2.96,0.0,0.3,17.76,2.5,0.0
2,2022-02-01 00:03:37,2022-02-01 00:13:56,1.0,2.17,1.0,N,143,186,1,9.5,0.5,0.5,1.7,0.0,0.3,15.0,2.5,0.0
2,2022-02-01 00:24:28,2022-02-01 00:53:48,2.0,11.32,1.0,N,249,223,1,34.5,0.5,0.5,7.66,0.0,0.3,45.96,2.5,0.0
1,2022-02-01 00:14:39,2022-02-01 00:32:37,1.0,3.2,1.0,N,186,140,1,14.0,2.5,0.5,20.0,0.0,0.3,37.3,2.5,0.0
2,2022-02-01 00:05:29,2022-02-01 00:13:33,1.0,1.63,1.0,N,164,48,2,7.5,0.5,0.5,0.0,0.0,0.3,11.3,2.5,0.0
2,2022-02-01 00:24:55,2022-02-01 00:35:56,1.0,2.52,1.0,N,164,143,1,10.0,0.5,0.5,2.0,0.0,0.3,15.8,2.5,0.0
2,2022-02-01 00:40:06,2022-02-01 00:55:38,1.0,5.63,1.0,N,48,116,1,18.5,0.5,0.5,3.0,0.0,0.3,25.3,2.5,0.0
1,2022-02-01 00:25:01,2022-02-01 00:27:42,2.0,0.8,1.0,N,114,107,1,4.5,3.0,0.5,2.0,0.0,0.3,10.3,2.5,0.0
1,2022-02-01 00:59:35,2022-02-01 01:08:33,1.0,2.0,1.0,N,68,107,1,9.0,3.0,0.5,2.55,0.0,0.3,15.35,2.5,0.0
1,2022-02-01 00:09:14,2022-02-01 00:16:14,1.0,2.5,1.0,N,186,231,1,8.5,3.0,0.5,2.45,0.0,0.3,14.75,2.5,0.0
1,2022-02-01 00:25:35,2022-02-01 00:39:44,1.0,3.9,1.0,N,113,239,1,14.5,3.0,0.5,0.0,0.0,0.3,18.3,2.5,0.0
1,2022-02-01 00:55:26,2022-02-01 01:04:35,1.0,2.5,1.0,N,249,246,1,10.0,3.0,0.5,1.0,0.0,0.3,14.8,2.5,0.0
2,2022-02-01 00:04:11,2022-02-01 00:18:01,1.0,3.64,1.0,N,164,262,1,13.0,0.5,0.5,3.36,0.0,0.3,20.16,2.5,0.0
1,2022-02-01 00:05:38,2022-02-01 00:24:14,2.0,6.6,1.0,N,137,166,1,21.0,3.0,0.5,4.95,0.0,0.3,29.75,2.5,0.0
1,2022-02-01 00:15:04,2022-02-01 00:28:56,1.0,2.8,1.0,N,132,10,2,12.0,1.75,0.5,0.0,0.0,0.3,14.55,0.0,1.25
1,2022-02-01 00:54:30,2022-02-01 00:56:04,1.0,0.7,1.0,N,90,186,2,4.0,3.0,0.5,0.0,0.0,0.3,7.8,2.5,0.0
1,2022-02-01 00:46:19,2022-02-01 01:08:41,2.0,14.7,1.0,N,264,264,1,40.5,0.5,0.5,3.0,0.0,0.3,44.8,0.0,0.0
2,2022-02-01 00:35:33,2022-02-01 01:01:18,1.0,14.82,1.0,N,234,226,1,41.0,0.5,0.5,5.0,6.55,0.3,56.35,2.5,0.0
2,2022-02-01 00:10:27,2022-02-01 00:21:31,1.0,2.1,1.0,N,249,232,1,10.0,0.5,0.5,2.76,0.0,0.3,16.56,2.5,0.0
2,2022-02-01 00:30:53,2022-02-01 00:36:39,1.0,1.03,1.0,N,107,4,2,6.0,0.5,0.5,0.0,0.0,0.3,9.8,2.5,0.0
2,2022-02-01 00:21:41,2022-02-01 00:45:48,2.0,5.81,1.0,N,163,41,1,20.5,0.5,0.5,1.22,0.0,0.3,25.52,2.5,0.0
2,2022-02-01 00:17:25,2022-02-01 00:24:25,6.0,1.83,1.0,N,48,239,1,8.0,0.5,0.5,2.36,0.0,0.3,14.16,2.5,0.0
1,2022-02-01 00:14:12,2022-02-01 00:43:46,2.0,17.0,1.0,N,132,256,1,47.5,1.75,0.5,10.0,0.0,0.3,60.05,0.0,1.25
1,2022-02-01 00:53:43,2022-02-01 01:01:52,1.0,1.6,1.0,N,141,142,1,8.0,3.0,0.5,1.0,0.0,0.3,12.8,2.5,0.0
2,2022-02-01 00:36:06,2022-02-01 00:39:17,1.0,0.96,1.0,N,186,48,1,5.0,0.5,0.5,2.2,0.0,0.3,11.0,2.5,0.0
2,2022-02-01 00:14:14,2022-02-01 00:18:05,1.0,0.64,1.0,N,263,262,1,4.5,0.5,0.5,1.66,0.0,0.3,9.96,2.5,0.0
1,2022-02-01 00:08:37,2022-02-01 00:13:01,2.0,0.8,1.0,N,224,234,2,5.5,3.0,0.5,0.0,0.0,0.3,9.3,2.5,0.0
2,2022-02-01 00:18:57,2022-02-01 00:43:46,1.0,18.98,2.0,N,132,75,1,52.0,0.0,0.5,10.0,6.55,0.3,70.6,0.0,1.25
1,2022-02-01 00:03:31,2022-02-01 00:09:48,1.0,1.0,1.0,N,90,107,1,5.5,3.0,0.5,3.0,0.0,0.3,12.3,2.5,0.0
1,2022-02-01 00:41:42,2022-02-01 00:52:25,1.0,1.9,1.0,N,113,232,1,8.5,3.0,0.5,3.1,0.0,0.3,15.4,2.5,0.0
2,2022-02-01 00:51:00,2022-02-01 01:02:04,1.0,4.23,1.0,N,132,216,2,14.0,0.5,0.5,0.0,0.0,0.3,16.55,0.0,1.25
2,2022-01-31 23:38:30,2022-01-31 23:48:13,1.0,4.78,1.0,N,41,127,1,15.0,0.5,0.5,6.0,0.0,0.3,22.3,0.0,0.0
2,2022-02-01 00:13:08,2022-02-01 00:20:28,1.0,2.63,1.0,N,233,75,1,9.5,0.5,0.5,3.32,0.0,0.3,16.62,2.5,0.0
2,2022-02-01 00:29:22,2022-02-01 00:32:48,1.0,0.78,1.0,N,162,229,2,4.5,0.5,0.5,0.0,0.0,0.3,8.3,2.5,0.0
2,2022-02-01 00:50:53,2022-02-01 00:56:57,1.0,1.57,1.0,N,7,202,1,7.0,0.5,0.5,2.08,0.0,0.3,10.38,0.0,0.0
2,2022-02-01 00:10:41,2022-02-01 00:13:41,1.0,0.67,1.0,N,239,142,2,4.5,0.5,0.5,0.0,0.0,0.3,8.3,2.5,0.0
2,2022-02-01 00:21:07,2022-02-01 00:40:30,1.0,12.65,1.0,N,50,213,1,35.5,0.5,0.5,0.0,0.0,0.3,39.3,2.5,0.0
1,2022-02-01 00:15:35,2022-02-01 00:41:20,1.0,6.8,1.0,N,90,116,1,23.0,3.0,0.5,5.35,0.0,0.3,32.15,2.5,0.0
2,2022-02-01 00:17:44,2022-02-01 00:52:23,1.0,22.71,1.0,N,132,181,1,61.0,0.5,0.5,0.0,0.0,0.3,63.55,0.0,1.25
2,2022-02-01 00:30:18,2022-02-01 00:43:03,1.0,2.27,1.0,N,234,163,1,11.0,0.5,0.5,0.5,0.0,0.3,15.3,2.5,0.0
2,2022-02-01 00:18:00,2022-02-01 00:23:07,1.0,1.09,1.0,N,113,164,1,5.5,0.5,0.5,1.86,0.0,0.3,11.16,2.5,0.0
1,2022-02-01 00:12:05,2022-02-01 00:22:28,1.0,2.3,1.0,N,161,158,1,9.5,3.0,0.5,2.0,0.0,0.3,15.3,2.5,0.0
1,2022-02-01 00:26:20,2022-02-01 00:45:14,1.0,8.2,1.0,N,249,257,2,24.0,3.0,0.5,0.0,0.0,0.3,27.8,2.5,0.0
2,2022-02-01 00:00:33,2022-02-01 00:21:34,1.0,3.13,1.0,N,239,264,2,11.0,0.5,0.5,0.0,0.0,0.3,12.3,0.0,0.0
1,2022-02-01 00:02:51,2022-02-01 00:09:42,1.0,1.2,1.0,N,163,48,2,6.5,3.0,0.5,0.0,0.0,0.3,10.3,2.5,0.0
1,2022-02-01 00:47:15,2022-02-01 01:02:07,1.0,3.6,1.0,N,233,231,2,13.5,3.0,0.5,0.0,0.0,0.3,17.3,2.5,0.0
2,2022-02-01 00:24:51,2022-02-01 00:38:02,1.0,4.36,1.0,N,186,65,1,14.5,0.5,0.5,3.66,0.0,0.3,21.96,2.5,0.0
1,2022-02-01 00:14:59,2022-02-01 00:27:42,1.0,4.9,1.0,N,138,53,1,16.0,1.75,0.5,4.6,0.0,0.3,23.15,0.0,1.25
2,2022-02-01 00:36:40,2022-02-01 00:51:28,1.0,8.56,1.0,N,138,170,1,25.0,0.5,0.5,7.32,6.55,0.3,43.92,2.5,1.25
2,2022-02-01 00:26:12,2022-02-01 00:44:45,3.0,8.48,1.0,N,132,86,1,24.5,0.5,0.5,4.0,0.0,0.3,31.05,0.0,1.25
1,2022-02-01 00:19:31,2022-02-01 00:34:26,1.0,7.4,1.0,N,138,98,1,22.0,1.75,0.5,4.9,0.0,0.3,29.45,0.0,1.25
1,2022-02-01 00:54:22,2022-02-01 01:25:14,1.0,23.7,4.0,N,138,265,1,88.5,1.75,0.5,18.2,0.0,0.3,109.25,0.0,1.25
2,2022-02-01 00:04:40,2022-02-01 00:13:18,1.0,1.32,1.0,N,164,162,1,7.5,0.5,0.5,1.7,0.0,0.3,13.0,2.5,0.0
2,2022-02-01 00:14:08,2022-02-01 00:29:17,1.0,4.22,1.0,N,162,7,1,15.0,0.5,0.5,3.76,0.0,0.3,22.56,2.5,0.0
1,2022-02-01 00:12:01,2022-02-01 00:25:45,1.0,4.3,1.0,N,141,260,2,14.5,3.0,0.5,0.0,0.0,0.3,18.3,2.5,0.0
2,2022-02-01 00:15:26,2022-02-01 00:35:02,1.0,3.12,1.0,N,79,107,1,14.5,0.5,0.5,2.0,0.0,0.3,20.3,2.5,0.0
2,2022-02-01 00:06:23,2022-02-01 00:23:05,1.0,9.92,1.0,N,138,79,1,27.5,0.5,0.5,8.14,0.0,0.3,40.69,2.5,1.25
2,2022-02-01 00:30:59,2022-02-01 00:35:36,2.0,1.1,1.0,N,137,162,1,6.0,0.5,0.5,1.96,0.0,0.3,11.76,2.5,0.0
1,2022-02-01 00:25:16,2022-02-01 00:48:17,1.0,11.1,1.0,N,138,45,1,32.5,4.25,0.5,2.0,0.0,0.3,39.55,2.5,1.25
2,2022-02-01 00:04:26,2022-02-01 00:17:25,1.0,3.25,1.0,N,164,145,1,12.5,0.5,0.5,4.57,6.55,0.3,27.42,2.5,0.0
2,2022-02-01 00:10:07,2022-02-01 00:20:00,1.0,3.49,1.0,N,141,114,1,11.5,0.5,0.5,3.0,0.0,0.3,18.3,2.5,0.0
2,2022-02-01 00:29:48,2022-02-01 00:50:16,1.0,7.78,1.0,N,249,116,1,24.0,0.5,0.5,6.95,0.0,0.3,34.75,2.5,0.0
1,2022-02-01 00:13:12,2022-02-01 00:37:37,1.0,9.4,1.0,N,132,121,2,29.5,1.75,0.5,0.0,0.0,0.3,32.05,0.0,1.25
1,2022-02-01 00:07:33,2022-02-01 00:15:34,1.0,1.4,1.0,N,229,48,2,7.0,3.0,0.5,0.0,0.0,0.3,10.8,2.5,0.0
2,2022-02-01 00:25:52,2022-02-01 00:46:32,1.0,14.61,1.0,N,132,179,2,39.5,0.5,0.5,0.0,0.0,0.3,42.05,0.0,1.25
1,2022-02-01 00:26:53,2022-02-01 00:43:15,1.0,7.6,1.0,N,164,56,2,23.5,3.0,0.5,0.0,6.55,0.3,33.85,2.5,0.0
2,2022-02-01 00:04:39,2022-02-01 00:12:47,1.0,1.72,1.0,N,249,231,1,8.0,0.5,0.5,2.36,0.0,0.3,14.16,2.5,0.0
2,2022-02-01 00:07:28,2022-02-01 00:13:50,6.0,1.83,1.0,N,170,113,1,7.5,0.5,0.5,2.26,0.0,0.3,13.56,2.5,0.0
2,2022-02-01 00:17:10,2022-02-01 00:32:45,6.0,4.44,1.0,N,107,146,2,15.5,0.5,0.5,0.0,0.0,0.3,19.3,2.5,0.0
1,2022-02-01 00:10:58,2022-02-01 00:19:26,1.0,1.5,1.0,N,107,144,1,8.5,3.0,0.5,1.0,0.0,0.3,13.3,2.5,0.0
1,2022-02-01 00:20:12,2022-02-01 00:24:42,1.0,1.4,1.0,N,144,249,1,6.5,3.0,0.5,2.05,0.0,0.3,12.35,2.5,0.0
1,2022-02-01 00:49:55,2022-02-01 01:05:14,1.0,4.2,1.0,N,48,45,1,15.0,3.0,0.5,5.0,0.0,0.3,23.8,2.5,0.0
2,2022-02-01 00:04:35,2022-02-01 00:11:01,1.0,1.18,1.0,N,107,114,1,6.5,0.5,0.5,3.09,0.0,0.3,13.39,2.5,0.0
2,2022-02-01 00:17:01,2022-02-01 00:36:11,1.0,8.53,1.0,N,114,42,1,25.5,0.5,0.5,1.0,0.0,0.3,30.3,2.5,0.0
2,2022-02-01 00:11:46,2022-02-01 00:28:38,1.0,7.26,1.0,N,161,244,1,22.5,0.5,0.5,5.0,0.0,0.3,31.3,2.5,0.0
2,2022-02-01 00:49:59,2022-02-01 00:53:44,2.0,0.71,1.0,N,68,90,1,4.5,0.5,0.5,1.66,0.0,0.3,9.96,2.5,0.0
2,2022-02-01 00:10:48,2022-02-01 00:39:50,1.0,20.25,1.0,N,132,259,1,53.0,0.5,0.5,0.0,6.55,0.3,62.1,0.0,1.25
2,2022-02-01 00:17:10,2022-02-01 00:33:19,1.0,8.53,1.0,N,138,236,1,24.5,0.5,0.5,3.48,6.55,0.3,38.33,2.5,0.0
2,2022-02-01 00:52:42,2022-02-01 01:31:34,2.0,15.54,1.0,N,132,226,2,48.0,0.5,0.5,0.0,0.0,0.3,50.55,0.0,1.25
1,2022-02-01 00:13:53,2022-02-01 00:29:58,1.0,4.4,1.0,N,138,146,1,14.5,1.75,0.5,3.4,0.0,0.3,20.45,0.0,1.25
1,2022-02-01 00:46:47,2022-02-01 01:08:51,1.0,11.1,1.0,N,138,241,1,31.0,1.75,0.5,10.05,6.55,0.3,50.15,0.0,1.25
2,2022-02-01 00:30:41,2022-02-01 00:39:36,1.0,1.92,1.0,N,138,7,2,9.0,0.5,0.5,0.0,0.0,0.3,11.55,0.0,1.25
2,2022-02-01 00:50:44,2022-02-01 01:07:35,1.0,11.49,1.0,N,138,241,2,31.5,0.5,0.5,0.0,6.55,0.3,40.6,0.0,1.25
1,2022-02-01 00:06:26,2022-02-01 00:09:55,1.0,0.5,1.0,N,17,61,1,4.5,0.5,0.5,1.15,0.0,0.3,6.95,0.0,0.0
2,2022-02-01 00:08:26,2022-02-01 00:22:38,2.0,3.38,1.0,N,141,41,2,13.0,0.5,0.5,0.0,0.0,0.3,16.8,2.5,0.0
2,2022-02-01 00:30:04,2022-02-01 00:44:12,2.0,4.06,1.0,N,237,179,2,14.0,0.5,0.5,0.0,0.0,0.3,17.8,2.5,0.0
2,2022-02-01 00:01:04,2022-02-01 00:14:18,3.0,3.01,1.0,N,107,13,2,12.0,0.5,0.5,0.0,0.0,0.3,15.8,2.5,0.0
2,2022-02-01 00:39:43,2022-02-01 00:50:12,3.0,3.16,1.0,N,48,236,1,11.0,0.5,0.5,2.96,0.0,0.3,17.76,2.5,0.0
2,2022-02-01 00:10:02,2022-02-01 00:42:02,2.0,17.53,1.0,N,138,165,1,48.5,0.5,0.5,12.76,0.0,0.3,63.81,0.0,1.25
1,2022-02-01 00:17:42,2022-02-01 00:27:43,1.0,2.2,1.0,N,141,107,2,9.0,3.0,0.5,0.0,0.0,0.3,12.8,2.5,0.0
2,2022-02-01 00:17:30,2022-02-01 00:39:57,1.0,5.58,1.0,N,114,17,1,19.5,0.5,0.5,5.0,0.0,0.3,28.3,2.5,0.0
1,2022-02-01 00:45:06,2022-02-01 01:01:48,1.0,8.9,1.0,N,138,170,1,26.0,4.25,0.5,6.2,0.0,0.3,37.25,2.5,1.25
2,2022-02-01 00:13:45,2022-02-01 00:18:25,1.0,1.49,1.0,N,90,163,1,6.0,0.5,0.5,1.96,0.0,0.3,11.76,2.5,0.0
2,2022-02-01 00:21:58,2022-02-01 00:28:27,1.0,1.71,1.0,N,230,236,1,7.5,0.5,0.5,2.26,0.0,0.3,13.56,2.5,0.0
2,2022-02-01 00:46:43,2022-02-01 00:51:46,1.0,1.29,1.0,N,48,233,1,6.0,0.5,0.5,2.45,0.0,0.3,12.25,2.5,0.0
1,2022-02-01 00:22:26,2022-02-01 00:25:32,1.0,0.6,1.0,N,161,100,2,4.5,3.0,0.5,0.0,0.0,0.3,8.3,2.5,0.0
2,2022-02-01 00:36:26,2022-02-01 00:58:28,1.0,13.98,1.0,N,132,226,1,38.5,0.5,0.5,6.08,0.0,0.3,47.13,0.0,1.25
2,2022-02-01 00:49:45,2022-02-01 01:12:37,1.0,13.61,1.0,N,132,149,1,37.5,0.5,0.5,8.01,0.0,0.3,48.06,0.0,1.25
1,2022-02-01 00:36:17,2022-02-01 00:46:45,1.0,4.9,1.0,N,138,92,2,15.5,1.75,0.5,0.0,0.0,0.3,18.05,0.0,1.25
2,2022-02-01 00:16:39,2022-02-01 00:18:57,1.0,0.54,1.0,N,249,231,1,4.0,0.5,0.5,1.95,0.0,0.3,9.75,2.5,0.0
2,2022-02-01 00:19:22,2022-02-01 00:48:46,2.0,17.41,2.0,N,132,170,1,52.0,0.0,0.5,12.62,6.55,0.3,75.72,2.5,1.25
2,2022-02-01 00:02:54,2022-02-01 00:10:48,1.0,1.9,1.0,N,41,168,1,8.5,0.5,0.5,1.96,0.0,0.3,11.76,0.0,0.0
1,2022-02-01 00:26:02,2022-02-01 00:29:44,1.0,0.6,1.0,N,234,90,2,4.5,3.0,0.5,0.0,0.0,0.3,8.3,2.5,0.0
2,2022-02-01 00:08:40,2022-02-01 00:22:46,1.0,3.55,1.0,N,79,141,1,13.0,0.5,0.5,3.36,0.0,0.3,20.16,2.5,0.0
2,2022-02-01 00:15:46,2022-02-01 00:31:51,1.0,9.86,1.0,N,132,39,1,27.5,0.5,0.5,5.76,0.0,0.3,35.81,0.0,1.25
2,2022-02-01 00:19:00,2022-02-01 00:40:05,1.0,10.15,1.0,N,138,107,1,29.0,0.5,0.5,4.0,6.55,0.3,44.6,2.5,1.25
2,2022-02-01 00:53:25,2022-02-01 00:59:00,1.0,1.59,1.0,N,229,237,1,7.0,0.5,0.5,3.24,0.0,0.3,14.04,2.5,0.0
2,2022-02-01 00:04:54,2022-02-01 00:38:27,1.0,18.84,2.0,N,132,50,1,52.0,0.0,0.5,11.36,6.55,0.3,74.46,2.5,1.25
1,2022-02-01 00:43:05,2022-02-01 00:55:03,1.0,5.2,1.0,N,132,203,2,17.0,1.75,0.5,0.0,0.0,0.3,19.55,0.0,1.25
2,2022-02-01 00:06:57,2022-02-01 00:32:35,1.0,17.42,2.0,N,132,224,1,52.0,0.0,0.5,12.37,6.55,0.3,75.47,2.5,1.25
2,2022-02-01 00:54:48,2022-02-01 01:04:56,1.0,1.68,1.0,N,114,4,2,9.0,0.5,0.5,0.0,0.0,0.3,12.8,2.5,0.0
1,2022-02-01 00:29:53,2022-02-01 01:10:11,2.0,8.1,5.0,N,114,265,1,45.0,0.0,0.0,11.4,11.75,0.3,68.45,0.0,0.0
2,2022-01-31 23:56:17,2022-02-01 00:09:08,1.0,3.55,1.0,N,79,50,1,13.0,0.5,0.5,3.36,0.0,0.3,20.16,2.5,0.0
2,2022-02-01 00:53:20,2022-02-01 01:37:15,1.0,10.01,1.0,N,68,243,1,35.5,0.5,0.5,0.0,0.0,0.3,39.3,2.5,0.0
2,2022-02-01 00:29:59,2022-02-01 00:56:30,1.0,17.73,2.0,N,132,140,1,52.0,0.0,0.5,10.0,0.0,0.3,66.55,2.5,1.25
2,2022-02-01 00:45:22,2022-02-01 01:06:27,1.0,4.46,1.0,N,114,170,1,17.5,0.5,0.5,5.32,0.0,0.3,26.62,2.5,0.0
2,2022-02-01 00:03:38,2022-02-01 00:12:15,1.0,1.07,1.0,N,186,246,1,7.5,0.5,0.5,2.26,0.0,0.3,13.56,2.5,0.0
2,2022-02-01 00:15:42,2022-02-01 00:23:06,1.0,1.38,1.0,N,246,164,2,7.0,0.5,0.5,0.0,0.0,0.3,10.8,2.5,0.0
2,2022-02-01 00:25:55,2022-02-01 00:32:26,1.0,1.39,1.0,N,107,158,1,6.5,0.5,0.5,1.0,0.0,0.3,11.3,2.5,0.0
2,2022-02-01 00:35:58,2022-02-01 00:49:10,1.0,3.9,1.0,N,90,237,2,13.5,0.5,0.5,0.0,0.0,0.3,17.3,2.5,0.0
2,2022-02-01 00:49:57,2022-02-01 00:52:43,1.0,0.75,1.0,N,237,263,1,4.5,0.5,0.5,2.08,0.0,0.3,10.38,2.5,0.0
2,2022-02-01 00:20:11,2022-02-01 00:27:01,1.0,0.78,1.0,N,79,148,1,6.0,0.5,0.5,2.45,0.0,0.3,12.25,2.5,0.0
2,2022-02-01 00:04:57,2022-02-01 00:09:10,1.0,1.27,1.0,N,239,151,2,6.0,0.5,0.5,0.0,0.0,0.3,9.8,2.5,0.0
2,2022-02-01 00:03:12,2022-02-01 00:05:26,1.0,0.57,1.0,N,141,140,4,-4.0,-0.5,-0.5,0.0,0.0,-0.3,-7.8,-2.5,0.0
2,2022-02-01 00:03:12,2022-02-01 00:05:26,1.0,0.57,1.0,N,141,140,2,4.0,0.5,0.5,0.0,0.0,0.3,7.8,2.5,0.0
2,2022-02-01 00:13:14,2022-02-01 00:17:02,1.0,1.17,1.0,N,141,229,1,5.5,0.5,0.5,1.86,0.0,0.3,11.16,2.5,0.0
2,2022-02-01 00:27:51,2022-02-01 00:35:33,1.0,1.41,1.0,N,161,137,1,7.5,0.5,0.5,1.0,0.0,0.3,12.3,2.5,0.0
2,2022-02-01 00:10:56,2022-02-01 00:28:53,1.0,8.88,1.0,N,233,244,1,26.5,0.5,0.5,3.0,0.0,0.3,33.3,2.5,0.0
2,2022-02-01 00:45:46,2022-02-01 00:51:48,1.0,1.55,1.0,N,263,75,1,7.0,0.5,0.5,2.5,0.0,0.3,13.3,2.5,0.0
1,2022-02-01 00:01:12,2022-02-01 00:09:04,1.0,1.6,1.0,N,238,41,1,8.0,3.0,0.5,1.0,0.0,0.3,12.8,2.5,0.0
1,2022-02-01 00:12:29,2022-02-01 00:15:28,1.0,0.7,1.0,N,75,74,2,4.5,0.5,0.5,0.0,0.0,0.3,5.8,0.0,0.0
2,2022-02-01 00:06:18,2022-02-01 00:39:10,1.0,18.43,2.0,N,132,163,1,52.0,0.0,0.5,12.62,6.55,0.3,75.72,2.5,1.25
2,2022-02-01 00:09:44,2022-02-01 00:16:35,1.0,1.1,1.0,N,48,162,2,6.5,0.5,0.5,0.0,0.0,0.3,10.3,2.5,0.0
2,2022-02-01 00:40:48,2022-02-01 00:44:30,1.0,0.71,1.0,N,42,42,2,4.5,0.5,0.5,0.0,0.0,0.3,5.8,0.0,0.0
2,2022-02-01 00:47:43,2022-02-01 00:55:03,1.0,1.27,1.0,N,137,186,2,7.0,0.5,0.5,0.0,0.0,0.3,10.8,2.5,0.0
2,2022-02-01 00:04:54,2022-02-01 00:16:42,1.0,3.19,1.0,N,246,166,1,11.0,0.5,0.5,4.44,0.0,0.3,19.24,2.5,0.0
2,2022-02-01 00:09:30,2022-02-01 00:24:22,2.0,3.8,1.0,N,41,140,1,14.0,0.5,0.5,5.34,0.0,0.3,23.14,2.5,0.0
2,2022-02-01 00:31:57,2022-02-01 00:40:39,2.0,3.5,1.0,N,141,79,1,11.0,0.5,0.5,4.44,0.0,0.3,19.24,2.5,0.0
2,2022-02-01 00:29:35,2022-02-01 00:59:25,6.0,18.04,2.0,N,132,186,1,52.0,0.0,0.5,15.78,6.55,0.3,78.88,2.5,1.25
2,2022-02-01 00:24:28,2022-02-01 00:26:50,1.0,0.87,1.0,N,90,249,1,4.5,0.5,0.5,1.66,0.0,0.3,9.96,2.5,0.0
2,2022-02-01 00:29:05,2022-02-01 00:46:37,1.0,4.16,1.0,N,249,237,1,15.5,0.5,0.5,1.93,0.0,0.3,21.23,2.5,0.0
2,2022-02-01 00:13:12,2022-02-01 00:43:30,1.0,10.9,1.0,N,114,22,1,33.0,0.5,0.5,11.04,0.0,0.3,47.84,2.5,0.0
2,2022-02-01 00:37:12,2022-02-01 00:38:31,1.0,0.66,1.0,N,237,237,2,4.0,0.5,0.5,0.0,0.0,0.3,7.8,2.5,0.0
2,2022-02-01 00:39:01,2022-02-01 00:54:44,1.0,3.24,1.0,N,237,238,2,13.5,0.5,0.5,0.0,0.0,0.3,17.3,2.5,0.0
1,2022-02-01 00:29:55,2022-02-01 00:36:11,2.0,0.7,1.0,N,211,231,1,6.0,3.0,0.5,1.95,0.0,0.3,11.75,2.5,0.0
2,2022-02-01 00:07:47,2022-02-01 00:09:42,1.0,0.77,1.0,N,186,90,1,4.0,0.5,0.5,2.34,0.0,0.3,10.14,2.5,0.0
2,2022-02-01 00:22:36,2022-02-01 00:26:19,1.0,0.91,1.0,N,234,246,1,5.0,0.5,0.5,1.2,0.0,0.3,10.0,2.5,0.0
2,2022-02-01 00:30:08,2022-02-01 00:30:17,1.0,0.01,1.0,N,90,264,3,-2.5,-0.5,-0.5,0.0,0.0,-0.3,-3.8,0.0,0.0
2,2022-02-01 00:30:08,2022-02-01 00:30:17,1.0,0.01,1.0,N,90,264,2,2.5,0.5,0.5,0.0,0.0,0.3,3.8,0.0,0.0
2,2022-02-01 00:57:42,2022-02-01 01:13:59,1.0,5.85,1.0,N,249,75,1,18.0,0.5,0.5,4.36,0.0,0.3,26.16,2.5,0.0
2,2022-02-01 00:05:36,2022-02-01 00:29:55,1.0,14.17,1.0,N,70,249,1,40.0,0.5,0.5,7.55,6.55,0.3,57.9,2.5,0.0
2,2022-02-01 00:25:33,2022-02-01 00:44:36,4.0,5.32,1.0,N,161,256,1,18.5,0.5,0.5,2.0,0.0,0.3,24.3,2.5,0.0
2,2022-02-01 00:55:41,2022-02-01 01:13:09,1.0,5.59,1.0,N,239,231,1,18.5,0.5,0.5,4.46,0.0,0.3,26.76,2.5,0.0
1,2022-02-01 00:04:56,2022-02-01 00:11:32,1.0,1.1,1.0,Y,148,79,1,6.5,3.0,0.5,2.05,0.0,0.3,12.35,2.5,0.0
1,2022-02-01 00:35:03,2022-02-01 01:00:40,2.0,17.7,1.0,N,132,49,1,47.5,1.75,0.5,12.5,0.0,0.3,62.55,0.0,1.25
1,2022-02-01 00:40:49,2022-02-01 01:13:08,1.0,18.6,2.0,N,132,234,1,52.0,3.75,0.5,18.9,6.55,0.3,82.0,2.5,1.25
2,2022-02-01 00:20:54,2022-02-01 00:25:53,1.0,0.83,1.0,N,162,48,1,5.5,0.5,0.5,0.93,0.0,0.3,10.23,2.5,0.0
2,2022-02-01 00:28:48,2022-02-01 00:36:04,1.0,1.94,1.0,N,68,143,1,8.0,0.5,0.5,2.36,0.0,0.3,14.16,2.5,0.0
2,2022-02-01 00:40:22,2022-02-01 00:43:46,1.0,0.64,1.0,N,50,48,1,4.5,0.5,0.5,0.83,0.0,0.3,9.13,2.5,0.0
2,2022-02-01 00:56:10,2022-02-01 00:59:55,1.0,1.04,1.0,N,90,158,1,5.0,0.5,0.5,1.76,0.0,0.3,10.56,2.5,0.0
2,2022-02-01 00:09:12,2022-02-01 00:29:24,1.0,9.35,1.0,N,264,48,1,27.5,0.5,0.5,7.57,6.55,0.3,45.42,2.5,0.0
1,2022-02-01 00:05:17,2022-02-01 00:05:19,0.0,0.0,1.0,N,112,112,3,2.5,0.5,0.5,0.0,0.0,0.3,3.8,0.0,0.0
1,2022-02-01 00:34:40,2022-02-01 00:52:43,0.0,4.6,1.0,N,48,179,3,16.5,3.0,0.5,0.0,0.0,0.3,20.3,2.5,0.0
2,2022-02-01 00:01:00,2022-02-01 00:04:37,1.0,0.72,1.0,N,230,48,1,4.5,0.5,0.5,1.66,0.0,0.3,9.96,2.5,0.0
1,2022-02-01 00:01:38,2022-02-01 00:11:12,1.0,1.8,1.0,N,161,140,1,9.0,3.0,0.5,2.0,0.0,0.3,14.8,2.5,0.0
1,2022-02-01 00:15:32,2022-02-01 00:20:38,1.0,1.0,1.0,N,140,229,1,6.0,3.0,0.5,1.5,0.0,0.3,11.3,2.5,0.0
1,2022-02-01 00:28:51,2022-02-01 00:38:24,1.0,5.5,1.0,N,140,87,1,16.5,3.0,0.5,4.05,0.0,0.3,24.35,2.5,0.0
1,2022-02-01 00:51:07,2022-02-01 01:01:39,2.0,1.4,1.0,N,148,4,4,8.5,3.0,0.5,0.0,0.0,0.3,12.3,2.5,0.0
2,2022-02-01 00:41:27,2022-02-01 00:58:07,1.0,5.41,1.0,N,68,25,1,17.5,0.5,0.5,4.26,0.0,0.3,25.56,2.5,0.0
2,2022-02-01 00:44:04,2022-02-01 01:16:02,2.0,17.41,2.0,N,132,161,1,52.0,0.0,0.5,12.37,6.55,0.3,75.47,2.5,1.25
2,2022-02-01 00:25:15,2022-02-01 00:46:14,1.0,5.65,1.0,N,249,17,1,19.5,0.5,0.5,6.99,0.0,0.3,30.29,2.5,0.0
2,2022-02-01 00:36:55,2022-02-01 00:41:03,1.0,0.74,1.0,N,41,24,2,5.0,0.5,0.5,0.0,0.0,0.3,6.3,0.0,0.0
2,2022-01-31 23:56:53,2022-02-01 00:08:53,1.0,3.47,1.0,N,107,236,1,12.0,0.5,0.5,4.74,0.0,0.3,20.54,2.5,0.0
2,2022-02-01 00:04:10,2022-02-01 00:21:20,2.0,2.95,1.0,N,249,237,1,14.0,0.5,0.5,3.56,0.0,0.3,21.36,2.5,0.0
2,2022-02-01 00:35:32,2022-02-01 00:38:02,1.0,0.7,1.0,N,48,143,1,4.0,0.5,0.5,0.78,0.0,0.3,8.58,2.5,0.0
2,2022-02-01 00:47:58,2022-02-01 00:50:55,1.0,0.8,1.0,N,48,163,1,4.5,0.5,0.5,1.24,0.0,0.3,9.54,2.5,0.0
2,2022-02-01 00:01:29,2022-02-01 00:26:15,3.0,7.77,1.0,N,138,130,2,26.0,0.5,0.5,0.0,0.0,0.3,28.55,0.0,1.25
2,2022-02-01 00:36:37,2022-02-01 00:57:01,1.0,14.59,1.0,N,132,129,2,39.5,0.5,0.5,0.0,0.0,0.3,42.05,0.0,1.25
2,2022-01-31 23:51:58,2022-02-01 00:33:23,5.0,5.95,1.0,N,141,163,2,27.5,0.5,0.5,0.0,0.0,0.3,31.3,2.5,0.0
2,2022-02-01 00:08:26,2022-02-01 00:31:27,2.0,14.13,1.0,N,132,129,1,39.0,0.5,0.5,8.31,0.0,0.3,49.86,0.0,1.25
2,2022-02-01 00:26:40,2022-02-01 00:33:18,1.0,1.18,1.0,N,100,137,2,7.0,0.5,0.5,0.0,0.0,0.3,10.8,2.5,0.0
2,2022-02-01 00:55:21,2022-02-01 01:01:53,1.0,2.58,1.0,N,125,170,2,9.0,0.5,0.5,0.0,0.0,0.3,12.8,2.5,0.0
2,2022-02-01 00:04:51,2022-02-01 00:15:59,1.0,2.26,1.0,N,186,79,1,10.0,0.5,0.5,2.76,0.0,0.3,16.56,2.5,0.0
2,2022-02-01 00:33:01,2022-02-01 00:47:17,1.0,1.49,1.0,N,161,68,1,11.0,0.5,0.5,2.96,0.0,0.3,17.76,2.5,0.0
2,2022-02-01 00:58:58,2022-02-01 01:06:36,1.0,1.93,1.0,N,238,143,1,8.0,0.5,0.5,1.0,0.0,0.3,12.8,2.5,0.0
2,2022-02-01 00:25:29,2022-02-01 00:26:07,1.0,0.16,1.0,N,186,186,3,-2.5,-0.5,-0.5,0.0,0.0,-0.3,-6.3,-2.5,0.0
2,2022-02-01 00:25:29,2022-02-01 00:26:07,1.0,0.16,1.0,N,186,186,2,2.5,0.5,0.5,0.0,0.0,0.3,6.3,2.5,0.0
2,2022-02-01 00:21:26,2022-02-01 00:41:21,1.0,14.74,1.0,N,132,179,1,39.5,0.5,0.5,10.2,0.0,0.3,52.25,0.0,1.25
2,2022-02-01 00:03:20,2022-02-01 00:18:01,1.0,2.02,1.0,N,260,129,2,11.0,0.5,0.5,0.0,0.0,0.3,12.3,0.0,0.0
2,2022-02-01 00:26:27,2022-02-01 00:37:37,1.0,1.58,1.0,N,129,129,2,8.0,0.5,0.5,0.0,0.0,0.3,9.3,0.0,0.0
2,2022-02-01 00:53:35,2022-02-01 01:17:38,1.0,14.87,1.0,N,132,260,1,41.0,0.5,0.5,8.71,0.0,0.3,52.26,0.0,1.25
2,2022-02-01 00:03:45,2022-02-01 00:08:35,1.0,1.18,1.0,N,230,143,1,6.0,0.5,0.5,1.0,0.0,0.3,10.8,2.5,0.0
2,2022-02-01 00:18:27,2022-02-01 00:30:02,1.0,6.6,1.0,N,48,116,1,19.5,0.5,0.5,4.66,0.0,0.3,27.96,2.5,0.0
2,2022-02-01 00:53:58,2022-02-01 01:03:43,1.0,1.98,1.0,N,230,142,1,9.0,0.5,0.5,2.56,0.0,0.3,15.36,2.5,0.0
2,2022-02-01 00:30:11,2022-02-01 00:49:03,1.0,9.05,1.0,N,132,98,1,26.5,0.5,0.5,0.0,0.0,0.3,29.05,0.0,1.25
2,2022-02-01 00:18:51,2022-02-01 00:30:25,1.0,4.23,1.0,N,186,261,1,13.5,0.5,0.5,3.46,0.0,0.3,20.76,2.5,0.0
2,2022-02-01 00:02:09,2022-02-01 00:07:16,1.0,1.41,1.0,N,141,262,1,6.5,0.5,0.5,1.0,0.0,0.3,11.3,2.5,0.0
1,2022-02-01 00:21:37,2022-02-01 00:26:30,1.0,1.8,1.0,N,237,75,1,7.0,3.0,0.5,2.15,0.0,0.3,12.95,2.5,0.0
2,2022-02-01 00:03:43,2022-02-01 00:17:51,1.0,5.59,1.0,N,234,263,1,18.0,0.5,0.5,1.0,0.0,0.3,22.8,2.5,0.0
2,2022-02-01 00:21:52,2022-02-01 00:40:40,1.0,5.25,1.0,N,141,223,1,18.5,0.5,0.5,4.46,0.0,0.3,26.76,2.5,0.0
1,2022-02-01 00:05:07,2022-02-01 00:12:32,1.0,2.2,1.0,N,48,90,2,8.5,3.0,0.5,0.0,0.0,0.3,12.3,2.5,0.0
1,2022-02-01 00:42:55,2022-02-01 01:04:45,2.0,8.5,1.0,N,249,116,1,26.0,3.0,0.5,3.5,0.0,0.3,33.3,2.5,0.0
2,2022-02-01 00:05:59,2022-02-01 00:10:07,2.0,1.08,1.0,N,161,164,1,5.5,0.5,0.5,1.86,0.0,0.3,11.16,2.5,0.0
2,2022-02-01 00:11:00,2022-02-01 00:18:41,1.0,1.84,1.0,N,162,50,1,7.5,0.5,0.5,3.39,0.0,0.3,14.69,2.5,0.0
2,2022-02-01 00:22:47,2022-02-01 00:41:00,1.0,13.85,1.0,N,74,216,2,37.0,0.5,0.5,0.0,6.55,0.3,44.85,0.0,0.0
2,2022-02-01 00:00:47,2022-02-01 00:09:09,4.0,2.24,1.0,N,113,230,1,9.0,0.5,0.5,2.56,0.0,0.3,15.36,2.5,0.0
2,2022-02-01 00:52:57,2022-02-01 01:14:24,3.0,6.33,1.0,N,79,37,1,21.0,0.5,0.5,4.96,0.0,0.3,29.76,2.5,0.0
2,2022-02-01 00:07:21,2022-02-01 00:16:07,1.0,1.76,1.0,N,40,181,1,8.5,0.5,0.5,2.94,0.0,0.3,12.74,0.0,0.0
2,2022-02-01 00:45:00,2022-02-01 00:51:25,1.0,2.4,1.0,N,238,48,2,8.5,0.5,0.5,0.0,0.0,0.3,12.3,2.5,0.0
2,2022-02-01 00:14:43,2022-02-01 00:28:00,1.0,2.68,1.0,N,68,229,1,11.5,0.5,0.5,3.06,0.0,0.3,18.36,2.5,0.0
2,2022-01-31 23:57:28,2022-02-01 00:01:45,5.0,0.76,1.0,N,238,239,1,5.0,0.5,0.5,1.32,0.0,0.3,10.12,2.5,0.0
2,2022-02-01 00:07:36,2022-02-01 00:17:51,5.0,3.58,1.0,N,48,24,1,13.0,0.5,0.5,5.04,0.0,0.3,21.84,2.5,0.0
2,2022-02-01 00:31:25,2022-02-01 00:49:24,1.0,8.85,1.0,N,158,116,1,26.0,0.5,0.5,0.0,0.0,0.3,29.8,2.5,0.0
2,2022-02-01 00:54:19,2022-02-01 00:54:42,1.0,0.0,5.0,N,116,116,1,7.0,0.0,0.0,7.0,0.0,0.3,14.3,0.0,0.0
1,2022-02-01 00:20:37,2022-02-01 00:33:24,1.0,4.4,1.0,N,239,114,1,14.5,3.0,0.5,3.65,0.0,0.3,21.95,2.5,0.0
2,2022-02-01 00:04:24,2022-02-01 00:12:29,1.0,1.73,1.0,N,162,236,1,8.0,0.5,0.5,1.15,0.0,0.3,12.95,2.5,0.0
2,2022-02-01 00:15:37,2022-02-01 00:22:40,1.0,1.04,1.0,N,236,262,1,6.5,0.5,0.5,2.06,0.0,0.3,12.36,2.5,0.0
2,2022-02-01 00:48:20,2022-02-01 00:50:52,2.0,0.81,1.0,N,236,236,2,4.5,0.5,0.5,0.0,0.0,0.3,8.3,2.5,0.0
2,2022-02-01 00:52:17,2022-02-01 01:06:15,1.0,3.11,1.0,N,79,48,1,12.5,0.5,0.5,4.08,0.0,0.3,20.38,2.5,0.0
2,2022-02-01 00:09:33,2022-02-01 00:19:41,1.0,2.6,1.0,N,263,42,2,10.0,0.5,0.5,0.0,0.0,0.3,13.8,2.5,0.0
2,2022-02-01 00:11:30,2022-02-01 00:13:40,1.0,0.31,1.0,N,50,48,2,3.0,0.5,0.5,0.0,0.0,0.3,6.8,2.5,0.0
1,2022-02-01 00:14:38,2022-02-01 00:17:48,1.0,0.8,1.0,N,186,48,2,4.5,3.0,0.5,0.0,0.0,0.3,8.3,2.5,0.0
1,2022-02-01 00:52:48,2022-02-01 01:37:56,1.0,23.6,1.0,N,132,48,1,66.0,4.25,0.5,5.0,6.55,0.3,82.6,2.5,1.25
2,2022-02-01 00:02:06,2022-02-01 00:47:04,1.0,8.36,1.0,N,249,188,1,33.0,0.5,0.5,7.36,0.0,0.3,44.16,2.5,0.0
2,2022-02-01 00:00:18,2022-02-01 00:06:05,1.0,1.22,1.0,N,90,114,2,6.0,0.5,0.5,0.0,0.0,0.3,9.8,2.5,0.0
2,2022-02-01 00:01:16,2022-02-01 00:28:45,1.0,6.45,1.0,N,170,225,2,23.5,0.5,0.5,0.0,0.0,0.3,27.3,2.5,0.0
2,2022-02-01 00:09:34,2022-02-01 00:27:34,1.0,4.03,1.0,N,186,236,1,15.5,0.5,0.5,5.79,0.0,0.3,25.09,2.5,0.0
2,2022-02-01 00:33:20,2022-02-01 00:45:43,1.0,2.39,1.0,N,263,238,1,11.0,0.5,0.5,2.96,0.0,0.3,17.76,2.5,0.0
2,2022-02-01 00:10:18,2022-02-01 00:22:47,1.0,4.44,1.0,N,79,142,1,14.0,0.5,0.5,3.56,0.0,0.3,21.36,2.5,0.0
2,2022-02-01 00:54:58,2022-02-01 01:00:14,1.0,1.87,1.0,N,48,68,1,7.0,0.5,0.5,1.0,0.0,0.3,11.8,2.5,0.0
2,2022-02-01 00:13:20,2022-02-01 00:26:07,1.0,3.1,1.0,N,170,239,1,12.0,0.5,0.5,3.16,0.0,0.3,18.96,2.5,0.0
2,2022-02-01 00:16:51,2022-02-01 00:26:26,1.0,1.84,1.0,N,43,42,2,9.0,0.5,0.5,0.0,0.0,0.3,10.3,0.0,0.0
2,2022-02-01 00:49:09,2022-02-01 01:36:46,3.0,10.1,1.0,N,161,102,1,37.0,0.5,0.5,15.0,0.0,0.3,55.8,2.5,0.0
2,2022-02-01 00:06:39,2022-02-01 00:37:02,2.0,19.2,2.0,N,132,263,1,52.0,0.0,0.5,12.62,6.55,0.3,75.72,2.5,1.25
2,2022-02-01 00:42:25,2022-02-01 00:45:00,2.0,0.42,1.0,N,263,236,1,4.0,0.5,0.5,1.56,0.0,0.3,9.36,2.5,0.0
1,2022-02-01 00:19:13,2022-02-01 00:44:56,2.0,13.1,1.0,N,138,61,1,38.5,1.75,0.5,8.0,0.0,0.3,49.05,0.0,1.25
1,2022-02-01 00:53:05,2022-02-01 01:06:57,1.0,3.9,1.0,N,181,228,2,14.5,0.5,0.5,0.0,0.0,0.3,15.8,0.0,0.0
2,2022-02-01 00:23:08,2022-02-01 00:28:11,5.0,1.7,1.0,N,114,107,1,7.0,0.5,0.5,2.7,0.0,0.3,13.5,2.5,0.0
2,2022-02-01 00:58:06,2022-02-01 01:23:42,5.0,13.42,1.0,N,48,130,1,37.5,0.5,0.5,9.57,6.55,0.3,57.42,2.5,0.0
2,2022-02-01 00:50:09,2022-02-01 00:53:48,1.0,0.6,1.0,N,264,264,1,4.5,0.5,0.5,1.66,0.0,0.3,9.96,2.5,0.0
2,2022-02-01 00:23:50,2022-02-01 00:33:11,1.0,3.35,1.0,N,90,43,1,11.5,0.5,0.5,3.06,0.0,0.3,18.36,2.5,0.0
2,2022-02-01 00:37:06,2022-02-01 00:49:42,1.0,3.0,1.0,N,239,116,2,11.5,0.5,0.5,0.0,0.0,0.3,15.3,2.5,0.0
2,2022-02-01 00:04:25,2022-02-01 00:08:23,1.0,1.74,1.0,N,90,230,1,6.5,0.5,0.5,2.58,0.0,0.3,12.88,2.5,0.0
2,2022-02-01 00:10:25,2022-02-01 00:21:41,1.0,3.23,1.0,N,163,263,1,12.0,0.5,0.5,0.0,0.0,0.3,15.8,2.5,0.0
2,2022-02-01 00:29:19,2022-02-01 00:51:52,1.0,6.63,1.0,N,141,102,1,22.5,0.5,0.5,6.58,0.0,0.3,32.88,2.5,0.0
2,2022-02-01 00:07:50,2022-02-01 00:23:27,1.0,3.51,1.0,N,239,42,1,14.0,0.5,0.5,3.56,0.0,0.3,21.36,2.5,0.0
2,2022-02-01 00:07:01,2022-02-01 00:17:50,1.0,3.82,1.0,N,79,141,1,12.5,0.5,0.5,4.89,0.0,0.3,21.19,2.5,0.0
2,2022-02-01 00:37:14,2022-02-01 00:59:46,2.0,15.77,1.0,N,132,145,1,43.0,0.5,0.5,8.86,0.0,0.3,54.41,0.0,1.25
2,2022-02-01 00:52:10,2022-02-01 01:18:54,1.0,31.65,4.0,N,132,265,2,60.5,0.5,0.5,0.0,0.0,0.3,63.05,0.0,1.25
1,2022-02-01 00:02:54,2022-02-01 00:05:59,1.0,0.3,1.0,N,249,68,1,4.0,3.0,0.5,2.3,0.0,0.3,10.1,2.5,0.0
1,2022-02-01 00:23:05,2022-02-01 00:28:47,1.0,1.1,1.0,N,230,229,1,6.0,3.0,0.5,1.95,0.0,0.3,11.75,2.5,0.0
1,2022-02-01 00:30:22,2022-02-01 00:32:47,1.0,0.4,1.0,N,233,162,2,3.5,3.0,0.5,0.0,0.0,0.3,7.3,2.5,0.0
1,2022-02-01 00:04:04,2022-02-01 00:12:48,1.0,2.4,1.0,N,163,249,2,9.0,3.0,0.5,0.0,0.0,0.3,12.8,2.5,0.0
1,2022-02-01 00:39:12,2022-02-01 00:54:36,2.0,4.9,1.0,N,249,263,1,16.0,3.0,0.5,3.95,0.0,0.3,23.75,2.5,0.0
1,2022-02-01 00:23:11,2022-02-01 00:47:34,1.0,11.7,1.0,N,132,201,2,34.5,1.75,0.5,0.0,2.45,0.3,39.5,0.0,1.25
2,2022-02-01 00:29:22,2022-02-01 00:59:52,1.0,17.07,2.0,N,132,140,1,52.0,0.0,0.5,0.07,0.0,0.3,56.62,2.5,1.25
2,2022-02-01 00:33:17,2022-02-01 00:49:36,1.0,8.99,1.0,N,138,151,1,25.5,0.5,0.5,6.67,6.55,0.3,41.27,0.0,1.25
2,2022-01-31 23:57:35,2022-02-01 00:30:51,1.0,22.94,1.0,N,132,241,1,61.5,0.5,0.5,14.12,6.55,0.3,84.72,0.0,1.25
2,2022-02-01 00:05:12,2022-02-01 00:21:41,5.0,4.71,1.0,N,79,263,2,14.5,0.5,0.5,0.0,0.0,0.3,18.3,2.5,0.0
2,2022-02-01 00:25:22,2022-02-01 00:38:30,1.0,4.12,1.0,N,231,112,1,14.5,0.5,0.5,3.66,0.0,0.3,21.96,2.5,0.0
2,2022-02-01 00:00:13,2022-02-01 00:17:55,1.0,4.91,1.0,N,113,238,1,17.0,0.5,0.5,4.16,0.0,0.3,24.96,2.5,0.0
2,2022-02-01 00:26:07,2022-02-01 00:30:38,2.0,0.79,1.0,N,143,239,1,5.5,0.5,0.5,1.86,0.0,0.3,11.16,2.5,0.0
2,2022-02-01 00:57:31,2022-02-01 01:06:19,1.0,2.52,1.0,N,158,48,1,9.5,0.5,0.5,2.0,0.0,0.3,15.3,2.5,0.0
2,2022-02-01 00:22:44,2022-02-01 00:48:28,2.0,18.92,2.0,N,132,262,1,52.0,0.0,0.5,12.62,6.55,0.3,75.72,2.5,1.25
1,2022-02-01 00:15:41,2022-02-01 00:23:22,2.0,1.1,1.0,N,107,79,2,7.0,3.0,0.5,0.0,0.0,0.3,10.8,2.5,0.0
2,2022-02-01 00:39:31,2022-02-01 00:44:36,1.0,1.31,1.0,N,48,90,2,6.0,0.5,0.5,0.0,0.0,0.3,9.8,2.5,0.0
2,2022-02-01 00:14:33,2022-02-01 00:45:10,2.0,14.01,1.0,N,138,61,2,40.0,0.5,0.5,0.0,0.0,0.3,42.55,0.0,1.25
2,2022-02-01 00:24:44,2022-02-01 00:30:04,1.0,1.84,5.0,N,140,75,1,30.0,0.0,0.5,6.66,0.0,0.3,39.96,2.5,0.0
2,2022-02-01 00:39:42,2022-02-01 00:56:26,1.0,6.65,1.0,N,138,41,2,21.0,0.5,0.5,0.0,6.55,0.3,30.1,0.0,1.25
1,2022-02-01 00:34:00,2022-02-01 00:49:22,1.0,4.1,1.0,N,233,112,2,14.5,3.0,0.5,0.0,0.0,0.3,18.3,2.5,0.0
2,2022-02-01 00:10:13,2022-02-01 00:26:56,1.0,3.73,1.0,N,48,41,1,15.0,0.5,0.5,5.64,0.0,0.3,24.44,2.5,0.0
2,2022-02-01 00:43:08,2022-02-01 01:05:05,1.0,16.96,2.0,N,132,140,1,52.0,0.0,0.5,11.31,0.0,0.3,67.86,2.5,1.25
2,2022-02-01 00:20:26,2022-02-01 00:26:58,1.0,1.65,1.0,N,48,233,1,7.0,0.5,0.5,2.7,0.0,0.3,13.5,2.5,0.0
2,2022-02-01 00:30:30,2022-02-01 00:36:42,1.0,1.85,1.0,N,233,141,1,7.5,0.5,0.5,1.0,0.0,0.3,12.3,2.5,0.0
2,2022-02-01 00:43:44,2022-02-01 00:52:43,1.0,3.25,1.0,N,141,79,1,11.0,0.5,0.5,2.96,0.0,0.3,17.76,2.5,0.0
2,2022-02-01 00:02:01,2022-02-01 00:12:03,1.0,3.11,1.0,N,68,238,1,11.0,0.5,0.5,2.96,0.0,0.3,17.76,2.5,0.0
2,2022-02-01 00:18:33,2022-02-01 00:28:51,1.0,2.13,1.0,N,143,100,1,9.5,0.5,0.5,5.0,0.0,0.3,18.3,2.5,0.0
2,2022-02-01 00:43:18,2022-02-01 00:53:25,1.0,2.29,1.0,N,68,162,1,9.5,0.5,0.5,2.66,0.0,0.3,15.96,2.5,0.0
2,2022-02-01 00:39:26,2022-02-01 01:04:03,5.0,12.38,1.0,N,132,83,2,35.5,0.5,0.5,0.0,0.0,0.3,36.8,0.0,1.25
1,2022-02-01 00:23:34,2022-02-01 00:34:27,1.0,1.7,1.0,N,238,236,2,9.0,3.0,0.5,0.0,0.0,0.3,12.8,2.5,0.0
1,2022-02-01 00:48:53,2022-02-01 00:56:50,2.0,1.5,1.0,N,164,230,2,7.5,3.0,0.5,0.0,0.0,0.3,11.3,2.5,0.0
2,2022-02-01 00:32:27,2022-02-01 01:03:33,2.0,14.87,1.0,N,132,226,2,43.5,0.5,0.5,0.0,0.0,0.3,46.05,0.0,1.25
1,2022-02-01 00:23:36,2022-02-01 00:54:57,1.0,18.0,2.0,N,132,79,1,52.0,3.75,0.5,0.0,0.0,0.3,56.55,2.5,1.25
2,2022-02-01 00:18:34,2022-02-01 00:53:19,1.0,19.8,1.0,N,132,62,1,54.0,0.5,0.5,1.45,0.0,0.3,58.0,0.0,1.25
2,2022-02-01 00:08:47,2022-02-01 00:30:30,1.0,6.83,1.0,N,138,229,1,22.0,0.5,0.5,5.41,0.0,0.3,32.46,2.5,1.25
1,2022-02-01 00:37:05,2022-02-01 00:56:57,1.0,4.9,1.0,N,237,129,1,18.0,3.0,0.5,2.0,0.0,0.3,23.8,2.5,0.0
2,2022-01-31 23:26:30,2022-01-31 23:37:23,5.0,2.37,1.0,N,148,90,1,10.0,0.5,0.5,2.76,0.0,0.3,16.56,2.5,0.0
2,2022-02-01 00:34:22,2022-02-01 00:36:12,1.0,0.62,1.0,N,234,90,1,4.0,0.5,0.5,1.56,0.0,0.3,9.36,2.5,0.0
2,2022-02-01 00:11:28,2022-02-01 00:33:05,1.0,0.0,1.0,N,50,144,1,13.0,0.5,0.5,4.2,0.0,0.3,21.0,2.5,0.0
1,2022-02-01 00:41:09,2022-02-01 00:58:26,1.0,7.5,1.0,N,132,76,3,22.5,1.75,0.5,0.0,0.0,0.3,25.05,0.0,1.25
2,2022-02-01 00:35:59,2022-02-01 01:03:36,1.0,17.43,2.0,N,132,141,1,52.0,0.0,0.5,11.31,0.0,0.3,67.86,2.5,1.25
2,2022-02-01 00:28:03,2022-02-01 00:34:29,1.0,1.13,1.0,N,230,68,1,6.5,0.5,0.5,2.06,0.0,0.3,12.36,2.5,0.0
1,2022-02-01 00:59:18,2022-02-01 01:37:05,1.0,19.5,2.0,N,132,107,2,52.0,3.75,0.5,0.0,0.0,0.3,56.55,2.5,1.25
2,2022-02-01 00:57:21,2022-02-01 01:03:34,1.0,2.18,1.0,N,137,141,2,8.0,0.5,0.5,0.0,0.0,0.3,11.8,2.5,0.0
1,2022-02-01 00:36:54,2022-02-01 00:40:50,1.0,0.6,1.0,Y,170,162,1,4.5,3.0,0.5,1.65,0.0,0.3,9.95,2.5,0.0
1,2022-02-01 00:52:04,2022-02-01 00:56:22,1.0,1.1,1.0,N,48,68,2,5.5,3.0,0.5,0.0,0.0,0.3,9.3,2.5,0.0
2,2022-02-01 00:12:15,2022-02-01 00:12:30,2.0,0.0,1.0,N,132,132,4,-2.5,-0.5,-0.5,0.0,0.0,-0.3,-5.05,0.0,-1.25
2,2022-02-01 00:12:15,2022-02-01 00:12:30,2.0,0.0,1.0,N,132,132,2,2.5,0.5,0.5,0.0,0.0,0.3,5.05,0.0,1.25
2,2022-02-01 00:13:48,2022-02-01 00:46:31,2.0,19.43,2.0,N,132,43,1,52.0,0.0,0.5,10.0,6.55,0.3,70.6,0.0,1.25
2,2022-02-01 00:13:05,2022-02-01 00:27:29,1.0,5.87,1.0,N,132,130,1,19.0,0.5,0.5,4.0,0.0,0.3,25.55,0.0,1.25
2,2022-02-01 00:41:59,2022-02-01 01:09:59,3.0,6.8,1.0,N,264,264,2,24.0,0.5,0.5,0.0,0.0,0.3,27.8,2.5,0.0
1,2022-02-01 00:07:51,2022-02-01 00:26:26,1.0,4.3,1.0,N,186,261,2,16.5,3.0,0.5,0.0,0.0,0.3,20.3,2.5,0.0
1,2022-02-01 00:06:48,2022-02-01 00:20:00,1.0,3.1,1.0,N,234,239,1,12.5,3.0,0.5,2.0,0.0,0.3,18.3,2.5,0.0
2,2022-02-01 00:03:12,2022-02-01 00:13:09,1.0,2.37,1.0,N,148,137,1,10.0,0.5,0.5,2.76,0.0,0.3,16.56,2.5,0.0
2,2022-02-01 00:18:39,2022-02-01 00:24:24,1.0,1.1,1.0,N,164,68,1,6.0,0.5,0.5,1.0,0.0,0.3,10.8,2.5,0.0
2,2022-02-01 00:19:43,2022-02-01 00:27:06,3.0,2.3,1.0,N,233,141,1,8.5,0.5,0.5,0.5,0.0,0.3,12.8,2.5,0.0
2,2022-02-01 00:07:27,2022-02-01 00:26:13,1.0,3.77,1.0,N,88,49,1,15.0,0.5,0.5,3.76,0.0,0.3,22.56,2.5,0.0
2,2022-02-01 00:03:21,2022-02-01 00:07:17,1.0,0.89,1.0,N,237,141,1,5.0,0.5,0.5,1.76,0.0,0.3,10.56,2.5,0.0
2,2022-02-01 00:09:46,2022-02-01 00:12:53,1.0,1.03,1.0,N,141,162,1,5.0,0.5,0.5,1.76,0.0,0.3,10.56,2.5,0.0
1,2022-02-01 00:12:49,2022-02-01 00:18:53,1.0,1.0,1.0,N,249,90,2,6.0,3.0,0.5,0.0,0.0,0.3,9.8,2.5,0.0